date,price,price_target,price_target_upside,forward_pe_ratio,forward_pe_ratio:median:3,forward_ps_ratio,forward_ps_ratio:median:3,market_cap,sales_est_2fy_avg,eps_est_2fy_avg,eps_est_2y_num_est,eps_est_long_term_growth_num_est,eps_est_long_term_growth,cfo_per_share_est_2fy_avg,price_target_upside_mean_upper,price_target_upside_std_upper,price_target_upside_mean_lower,price_target_upside_std_lower,price_target_upside_upper_band,price_target_upside_lower_band
2025-02-20,5.51,8.0,45.1906,84.7692,77.5728,2.0821,1.5711,946810850.0,5.5849,47.7478,3.0,1.0,2.5,13.0982,48.626736706349206,27.83686728666025,16.12545634920635,8.536325784949529,76.46360399300946,7.58913056425682
2025-02-21,5.4,8.0,48.1481,83.0769,77.6699,2.0405,1.5711,927909000.0,5.5849,47.7478,3.0,1.0,2.5,13.0982,48.5822126984127,27.81961162330869,16.43514761904762,8.976856491870036,76.40182432172139,7.458291127177583
2025-02-24,5.3,8.0,50.9434,81.5385,77.6699,2.0027,1.5708,910725500.0,5.5849,47.7478,3.0,1.0,2.5,13.0982,48.53085178571428,27.791238788126908,16.787165873015873,9.44510682412121,76.3220905738412,7.342059048894663
2025-02-25,5.79,8.0,38.1693,89.0769,77.6699,2.1879,1.5709,994924650.0,5.5849,47.7478,3.0,1.0,2.5,13.0982,48.441741666666665,27.752212181061875,17.012474603174603,9.613723519926342,76.19395384772854,7.398751083248261
2025-02-26,5.77,8.0,38.6482,88.7692,77.6699,2.1803,1.5711,991487950.0,5.5849,47.7478,3.0,1.0,2.5,13.0982,48.34320297619048,27.698483153837785,17.27017777777778,9.755122682479056,76.04168613002827,7.515055095298722
2025-02-27,5.68,8.0,40.8451,87.3846,77.6699,2.1463,1.5711,976022800.0,5.5849,47.7478,3.0,1.0,2.5,13.0982,48.24510059523809,27.637116998831523,17.54694047619048,9.925241258255832,75.88221759406962,7.621699217934646
2025-02-28,5.89,8.0,35.8234,90.6154,77.767,2.2257,1.5711,1012108150.0,5.5849,47.7478,3.0,1.0,2.5,13.0982,48.117218055555554,27.54484395954933,17.76900634920635,10.018963114939323,75.66206201510488,7.750043234267025
2025-03-03,5.69,8.0,40.5975,87.5385,77.8641,2.1501,1.5708,977741150.0,5.5849,47.7478,3.0,1.0,2.5,13.0982,47.99436785714286,27.43962465052164,18.023896825396825,10.187892915392526,75.4339925076645,7.836003910004299
2025-03-04,5.64,8.0,41.844,86.7692,78.0582,2.1312,1.5709,969149400.0,5.5849,47.7478,3.0,1.0,2.5,13.0982,47.944253174603176,27.42772054675796,18.302054761904763,10.35595685548818,75.37197372136114,7.946097906416584
2025-03-05,5.69,8.0,40.5975,87.5385,78.2524,2.1501,1.5711,977741150.0,5.5849,47.7478,3.0,1.0,2.5,13.0982,47.88816607142858,27.41375275918158,18.60200555555556,10.450371054398234,75.30191883061016,8.15163450115732
2025-03-06,5.53,8.0,44.6655,85.0769,78.4466,2.0897,1.5711,950247550.0,5.5849,47.7478,3.0,1.0,2.5,13.0982,47.82919503968254,27.388592757832484,18.918700793650792,10.630673294797232,75.21778779751503,8.28802749885356
2025-03-07,5.64,8.0,41.844,86.7692,78.6408,2.1312,1.5711,969149400.0,5.5849,47.7478,3.0,1.0,2.5,13.0982,47.78669246031747,27.381211013397248,19.208224603174603,10.754600667291443,75.16790347371472,8.453623935883158
2025-03-10,5.53,8.0,44.6655,85.0769,78.6408,2.0897,1.5709,950247550.0,5.5849,47.7478,3.0,1.0,2.5,13.0982,47.74303928571428,27.368586321311646,19.52333333333333,10.914313799146322,75.11162560702593,8.609019534187007
2025-03-11,5.44,8.0,47.0588,83.6923,78.6408,2.0556,1.5711,934782400.0,5.5849,47.7478,3.0,1.0,2.5,13.0982,47.70754384920635,27.3578263202549,19.826094444444443,11.144257425593004,75.06537016946126,8.68183701885144
2025-03-12,5.38,8.0,48.6989,82.7692,78.6408,2.033,1.5716,924472300.0,5.5849,47.7478,3.0,1.0,2.5,13.0982,47.66485753968254,27.33941948097886,20.145281746031745,11.389962875594463,75.00427702066139,8.75531887043728
2025-03-13,5.34,8.0,49.8127,82.1538,78.6408,2.0179,1.5716,917598900.0,5.5849,47.7478,3.0,1.0,2.5,13.0982,47.60237658730159,27.29834339355664,20.481716666666667,11.634574785799268,74.90071998085823,8.8471418808674
2025-03-14,5.43,8.0,47.3297,83.5385,79.1386,2.0519,1.5716,933064050.0,5.5849,47.7478,3.0,1.0,2.5,13.0982,47.52448134920635,27.24283121682554,20.779726984126984,11.837405883941894,74.76731256603189,8.94232110018509
2025-03-17,5.46,8.0,46.5201,84.0,79.6364,2.0632,1.5709,938219100.0,5.5849,47.7478,3.0,1.0,2.5,13.0982,47.449247420634926,27.19299955679008,21.0866873015873,11.99962014022751,74.642246977425,9.08706716135979
2025-03-18,5.33,8.0,50.0938,82.0,79.858,2.0141,1.5711,915880550.0,5.5849,47.7478,3.0,1.0,2.5,13.0982,47.3852744047619,27.148652770816145,21.441685714285715,12.190878925437271,74.53392717557804,9.250806788848443
2025-03-19,5.46,8.0,46.5201,84.0,80.0797,2.0632,1.5716,938219100.0,5.5849,47.7478,3.0,1.0,2.5,13.0982,47.321284722222224,27.1125131217284,21.743580952380952,12.33747548065611,74.43379784395063,9.406105471724842
2025-03-20,5.52,8.0,44.9275,84.9231,80.6762,2.0859,1.5716,948529200.0,5.5849,47.7478,3.0,1.0,2.5,13.0982,47.25214226190476,27.07399134241808,22.037901587301587,12.445085353510196,74.32613360432283,9.59281623379139
2025-03-21,5.47,8.0,46.2523,84.1538,81.2727,2.067,1.5716,939937450.0,5.5849,47.7478,3.0,1.0,2.5,13.0982,47.179513690476185,27.02734550509255,22.332546825396825,12.575762593132332,74.20685919556874,9.756784232264494
2025-03-24,5.61,8.0,42.6025,86.3077,81.4056,2.1199,1.5709,963994350.0,5.5849,47.7478,3.0,1.0,2.5,13.0982,47.09544900793651,26.975407329448547,22.60504523809524,12.640386230438285,74.07085633738505,9.964659007656955
2025-03-25,5.63,8.0,42.0959,86.6154,81.5385,2.1274,1.5711,967431050.0,5.5849,47.7478,3.0,1.0,2.5,13.0982,47.0216875,26.938050583079107,22.87689285714286,12.688605079154495,73.9597380830791,10.188287777988362
2025-03-26,5.46,8.0,46.5201,84.0,81.7692,2.0632,1.5716,938219100.0,5.5849,47.7478,3.0,1.0,2.5,13.0982,46.94750515873015,26.88770323321265,23.16322857142857,12.812221215909986,73.83520839194281,10.351007355518586
2025-03-27,5.48,8.0,45.9854,84.3077,82.0,2.0708,1.5716,941655800.0,5.5849,47.7478,3.0,1.0,2.5,13.0982,46.88245456349206,26.850191968724545,23.457470634920632,12.907653643416673,73.7326465322166,10.54981699150396
2025-03-28,5.32,8.0,50.3759,81.8462,81.9231,2.0103,1.5716,914162200.0,5.5849,47.7478,3.0,1.0,2.5,13.0982,46.82512162698413,26.81171693754578,23.791662698412697,13.055494108947178,73.63683856452991,10.73616858946552
2025-03-31,5.26,8.0,52.0913,80.9231,81.8462,1.9876,1.5709,903852100.0,5.5849,47.7478,3.0,1.0,2.5,13.0982,46.77898829365079,26.7825388272614,24.15279126984128,13.204317465774604,73.56152712091219,10.94847380406667
2025-04-01,5.24,8.0,52.6718,80.6154,81.6924,1.9801,1.5711,900415400.0,5.5849,47.7478,3.0,1.0,2.5,13.0982,46.72621071428571,26.74456341745938,24.51688412698413,13.353539180171795,73.47077413174509,11.163344946812336
2025-04-02,5.27,8.0,51.8027,81.0769,81.5385,1.9914,1.5716,905570450.0,5.5849,47.7478,3.0,1.0,2.5,13.0982,46.67662162698413,26.711849270852465,24.85729523809524,13.498442648405572,73.3884708978366,11.358852589689665
2025-04-03,4.89,8.0,63.5992,75.2308,81.4056,1.8478,1.5716,840273150.0,5.5849,47.7478,3.0,1.0,2.5,13.0982,46.652365674603175,26.69087118844733,25.282685714285712,13.86604186207844,73.3432368630505,11.416643852207272
2025-04-04,4.75,7.6,60.0,73.0769,81.2727,1.799,1.5716,816216250.0,5.5893,47.7478,3.0,1.0,2.5,13.0982,46.6382748015873,26.68192700815393,25.65987301587301,14.15816465240264,73.32020180974123,11.501708363470373
2025-04-07,4.73,7.6,60.6765,72.7692,81.1748,1.7914,1.5709,812779550.0,5.5893,47.7478,3.0,1.0,2.5,13.0982,46.62202698412698,26.670856006542067,26.035066666666665,14.454031244432734,73.29288299066906,11.581035422233931
2025-04-08,4.63,7.6,64.1469,71.2308,81.0769,1.7535,1.5711,795596050.0,5.5893,47.7478,3.0,1.0,2.5,13.0982,46.60451488095239,26.656413242300555,26.45240793650793,14.788095427842434,73.26092812325294,11.664312508665502
2025-04-09,5.08,7.6,49.6063,78.1538,81.0,1.9239,1.5716,872921800.0,5.5893,47.7478,3.0,1.0,2.5,13.0982,46.54664861111112,26.61807497033781,26.72079523809524,14.899476476761691,73.16472358144892,11.821318761333544
2025-04-10,4.88,7.6,55.7377,75.0769,80.9231,1.8482,1.5716,838554800.0,5.5893,47.7478,3.0,1.0,2.5,13.0982,46.51245158730159,26.595118211899965,27.06779047619048,15.062506398165828,73.10756979920156,12.005284078024646
2025-04-11,4.81,7.6,58.0042,74.0,80.7692,1.8217,1.5716,826526350.0,5.5893,47.7478,3.0,1.0,2.5,13.0982,46.47419543650794,26.564614640497528,27.41804920634921,15.264953727294342,73.03881007700546,12.153095479054864
2025-04-14,4.86,7.6,56.3786,74.7692,80.6154,1.8406,1.5709,835118100.0,5.5893,47.7478,3.0,1.0,2.5,13.0982,46.43465198412699,26.53493271869457,27.76649523809524,15.421401789320427,72.96958470282155,12.345093448774811
2025-04-15,4.75,7.6,60.0,73.0769,80.3476,1.799,1.5711,816216250.0,5.5893,47.7478,3.0,1.0,2.5,13.0982,46.39541527777778,26.50013237879142,28.1580507936508,15.608879484302442,72.89554765656919,12.549171309348353
2025-04-16,4.72,7.6,61.0169,72.6154,80.0797,1.7876,1.5716,811061200.0,5.5893,47.7478,3.0,1.0,2.5,13.0982,46.36215952380952,26.4711724909998,28.530344444444445,15.828954016083545,72.83333201480933,12.701390428360902
2025-04-17,4.77,7.6,59.3291,73.3846,79.858,1.8065,1.5716,819652950.0,5.5893,47.7478,3.0,1.0,2.5,13.0982,46.31234027777778,26.42295437307307,28.92184523809524,15.976320089971146,72.73529465085085,12.945525148124094
2025-04-21,4.84,7.6,57.0248,74.4615,79.6364,1.833,1.5708,831681400.0,5.5893,47.7478,3.0,1.0,2.5,13.0982,46.26108571428571,26.37693920814428,29.29505793650793,16.07968657375806,72.63802492242999,13.215371362749874
2025-04-22,4.94,7.6,53.8462,76.0,79.1386,1.8709,1.5709,848864900.0,5.5893,47.7478,3.0,1.0,2.5,13.0982,46.195037500000005,26.31599492041561,29.62340555555556,16.155687481494795,72.51103242041562,13.467718074060762
2025-04-23,5.02,7.6,51.3944,77.2308,78.6408,1.9012,1.5711,862611700.0,5.5893,47.7478,3.0,1.0,2.5,13.0982,46.12628333333333,26.256870763119107,29.939536507936506,16.189118735736525,72.38315409645244,13.75041777219998
2025-04-24,5.14,7.6,47.8599,79.0769,78.8588,1.9467,1.5716,883231900.0,5.5893,47.7478,3.0,1.0,2.5,13.0982,46.045071626984125,26.18785698829096,30.21486349206349,16.196610195225897,72.23292861527509,14.018253296837592
2025-04-25,5.2,7.6,46.1538,80.0,79.0769,1.9694,1.5716,893542000.0,5.5893,47.7478,3.0,1.0,2.5,13.0982,45.960474801587296,26.118272172740863,30.474797619047617,16.187437134575482,72.07874697432815,14.287360484472137
2025-04-28,5.04,7.6,50.7937,77.5385,78.8588,1.9088,1.5709,866048400.0,5.5893,47.7478,3.0,1.0,2.5,13.0982,45.88286111111111,26.045427451197416,30.73886349206349,16.24571853218489,71.92828856230852,14.493144959878602
2025-04-29,5.2,7.6,46.1538,80.0,79.0769,1.9694,1.5711,893542000.0,5.5893,47.7478,3.0,1.0,2.5,13.0982,45.78687876984127,25.954779132354712,30.974009523809524,16.252766423175707,71.74165790219598,14.721243100633815
2025-04-30,5.04,7.6,50.7937,77.5385,78.8588,1.9088,1.5716,866048400.0,5.5893,47.7478,3.0,1.0,2.5,13.0982,45.69892579365079,25.862207389818284,31.25758809523809,16.284611895964126,71.56113318346907,14.972976199273967
2025-05-01,5.09,7.6,49.3124,78.3077,78.6408,1.9277,1.5716,874640150.0,5.5893,47.7478,3.0,1.0,2.5,13.0982,45.612698214285714,25.7772599679896,31.54444285714285,16.28176242136176,71.38995818227531,15.2626804357811
2025-05-02,5.12,7.6,48.4375,78.7692,78.705,1.9391,1.5716,879795200.0,5.5893,47.7478,3.0,1.0,2.5,13.0982,45.52124702380952,25.684967744326148,31.82619841269841,16.264337227669525,71.20621476813567,15.561861185028889
2025-05-05,5.15,7.6,47.5728,79.2308,78.7692,1.8312,1.5709,830839200.0,5.5893,47.7478,3.0,1.0,2.5,13.0982,45.4304123015873,25.59627142195393,32.10292777777778,16.23299494699674,71.02668372354123,15.86993283078104
2025-05-06,4.64,6.85,47.6293,92.8,78.923,1.6583,1.5711,748561920.0,5.5805,67.7506,3.0,1.0,2.5,13.0982,45.33499682539683,25.49788115158189,32.35947777777778,16.2208105402505,70.83287797697872,16.138667237527276
2025-05-07,4.68,6.85,46.3675,93.6,79.0769,1.6726,1.5716,755015040.0,5.5805,67.7506,3.0,1.0,2.5,13.0982,45.23348214285714,25.3912861087137,32.62296031746032,16.176162277514784,70.62476825157084,16.446798039945534
2025-05-08,4.76,6.85,43.9076,95.2,79.1538,1.7012,1.5716,767921280.0,5.5805,67.7506,3.0,1.0,2.5,13.0982,45.16627936507936,25.349768215094645,32.85758333333333,16.123239159830128,70.516047580174,16.734344173503203
2025-05-09,4.65,6.85,47.3118,109.4118,79.2308,1.664,1.5716,750175200.0,5.5771,124.7696,3.0,1.0,2.5,13.0982,45.09985238095239,25.30004695700387,33.257019841269845,15.848451327712844,70.39989933795626,17.408568513557
2025-05-12,4.8,6.85,42.7083,112.9412,79.4336,1.7177,1.5709,774374400.0,5.5771,124.7696,3.0,1.0,2.5,13.0982,45.02630674603175,25.25287897216441,33.50648253968254,15.746744797033214,70.27918571819616,17.75973774264932
2025-05-13,4.86,6.85,40.9465,114.3529,79.6364,1.7392,1.5711,784054080.0,5.5771,124.7696,3.0,1.0,2.5,13.0982,44.94211111111111,25.195421249669003,33.774765079365075,15.581076451307554,70.13753236078011,18.19368862805752
2025-05-14,4.81,6.85,42.4116,113.1765,79.8182,1.7213,1.5716,775987680.0,5.5771,124.7696,3.0,1.0,2.5,13.0982,44.86494543650794,25.14333995247076,34.02837619047619,15.458071516048458,70.00828538897869,18.57030467442773
2025-05-15,4.72,6.85,45.1271,111.0588,80.0,1.6891,1.5722,761468160.0,5.5771,124.7696,3.0,1.0,2.5,13.0982,44.79619900793651,25.09501976460489,34.346511904761904,15.268062362469488,69.8912187725414,19.07844954229241
2025-05-16,4.7,6.85,45.7447,110.5882,80.0,1.6819,1.5722,758241600.0,5.5771,124.7696,3.0,1.0,2.5,13.0982,44.72867797619047,25.046451989803906,34.62268650793651,15.15571792001081,69.77512996599438,19.4669685879257
2025-05-19,4.63,6.85,47.9482,108.9412,80.0,1.6568,1.5711,746948640.0,5.5771,124.7696,3.0,1.0,2.5,13.0982,44.67336845238096,25.00839799044736,34.90178333333333,15.073874659628837,69.68176644282832,19.82790867370449
2025-05-20,4.56,6.85,50.2193,107.2941,80.0398,1.6318,1.5716,735655680.0,5.5771,124.7696,3.0,1.0,2.5,13.0982,44.61472559523809,24.96053041140221,35.18523968253969,15.0229522968827,69.5752560066403,20.162287385656988
2025-05-21,4.46,6.85,53.5874,104.9412,80.0797,1.596,1.5722,719522880.0,5.5771,124.7696,3.0,1.0,2.5,13.0982,44.57156071428571,24.92607348684946,35.48561031746031,15.009415260529416,69.49763420113517,20.47619505693089
2025-05-22,4.45,6.85,53.9326,104.7059,80.3476,1.5924,1.5722,717909600.0,5.5771,124.7696,3.0,1.0,2.5,13.0982,44.53835813492064,24.902378558187728,35.763972222222215,15.02382172723648,69.44073669310836,20.74015049498573
2025-05-23,4.36,6.85,57.1101,102.5882,80.6154,1.5602,1.5711,703390080.0,5.5771,124.7696,3.0,1.0,2.5,13.0982,44.50595416666666,24.87530455232265,36.08659523809524,15.042416297597203,69.38125871898932,21.04417894049803
2025-05-27,4.43,6.85,54.6275,104.2353,80.7692,1.5853,1.5708,714683040.0,5.5771,124.7696,3.0,1.0,2.5,13.0982,44.48881567460317,24.86532773322592,36.40225396825397,15.01058149314493,69.3541434078291,21.391672475109043
2025-05-28,4.38,6.85,56.3927,103.0588,80.9231,1.5674,1.5708,706616640.0,5.5771,124.7696,3.0,1.0,2.5,13.0982,44.47763988095238,24.85869514947908,36.74971507936508,14.962126322076411,69.33633503043146,21.78758875728866
2025-05-29,4.39,6.85,56.0364,103.2941,81.0,1.571,1.5708,708229920.0,5.5771,124.7696,3.0,1.0,2.5,13.0982,44.46079861111111,24.84795977626188,37.110166666666665,14.874399615758657,69.30875838737299,22.23576705090801
2025-05-30,4.36,6.85,57.1101,102.5882,81.0769,1.5602,1.5708,703390080.0,5.5771,124.7696,3.0,1.0,2.5,13.0982,44.434801190476186,24.82780917138804,37.472617460317466,14.800141733305598,69.26261036186422,22.672475727011868
2025-06-02,4.39,6.85,56.0364,103.2941,81.1748,1.571,1.5698,708229920.0,5.5771,124.7696,3.0,1.0,2.5,13.0982,44.414568253968255,24.81416052118475,37.82125873015873,14.715009734157997,69.228728775153,23.106248996000737
2025-06-03,4.55,6.85,50.5495,107.0588,81.2727,1.6282,1.5703,734042400.0,5.5771,124.7696,3.0,1.0,2.5,13.0982,44.37374781746032,24.78704393322359,38.12900476190477,14.570663173754951,69.16079175068391,23.55834158814981
2025-06-04,4.51,6.85,51.8847,106.1176,81.4056,1.6139,1.5708,727589280.0,5.5771,124.7696,3.0,1.0,2.5,13.0982,44.329100595238096,24.753118427262084,38.42289523809524,14.470566518789054,69.08221902250018,23.952328719306188
2025-06-05,4.51,6.85,51.8847,106.1176,81.5385,1.6139,1.5708,727589280.0,5.5771,124.7696,3.0,1.0,2.5,13.0982,44.29716746031746,24.73292096833015,38.727818253968245,14.344682747551648,69.03008842864762,24.3831355064166
2025-06-06,4.54,6.85,50.8811,106.8235,81.6924,1.6246,1.5708,732429120.0,5.5771,124.7696,3.0,1.0,2.5,13.0982,44.29201646825397,24.73127557465759,39.03687222222223,14.18149123476456,69.02329204291156,24.855380987457668
2025-06-09,4.59,6.85,49.2375,108.0,81.8462,1.6425,1.5698,740495520.0,5.5771,124.7696,3.0,1.0,2.5,13.0982,44.28505793650794,24.729385896289003,39.3394626984127,13.986280155219236,69.01444383279694,25.353182543193466
2025-06-10,4.52,6.85,51.5487,106.3529,81.9231,1.6175,1.5703,729202560.0,5.5771,124.7696,3.0,1.0,2.5,13.0982,44.28766507936508,24.73008365135708,39.66559047619048,13.785049442090177,69.01774873072216,25.880541034100297
2025-06-11,4.44,6.85,54.2793,104.4706,82.0,1.5889,1.5708,716296320.0,5.5771,124.7696,3.0,1.0,2.5,13.0982,44.28925654761905,24.73070200735321,40.03480238095238,13.54452715561516,69.01995855497226,26.49027522533722
2025-06-12,4.31,6.85,58.9327,101.4118,82.0769,1.5423,1.5698,695323680.0,5.5771,124.7696,3.0,1.0,2.5,13.0982,44.29336369047619,24.732966072650328,40.36079920634921,13.500715986930532,69.02632976312651,26.86008321941868
2025-06-13,4.24,6.85,61.5566,99.7647,82.1538,1.5173,1.5698,684030720.0,5.5771,124.7696,3.0,1.0,2.5,13.0982,44.3279123015873,24.744915724873007,40.74851111111111,13.40123556831526,69.0728280264603,27.34727554279585
2025-06-16,4.29,6.85,59.6737,100.9412,82.4615,1.5352,1.5676,692097120.0,5.5771,124.7696,3.0,1.0,2.5,13.0982,44.35743075396826,24.754347540432526,41.12005555555556,13.27014368045544,69.11177829440078,27.84991187510012
2025-06-17,4.16,6.85,64.6635,97.8824,82.7692,1.4887,1.5675,671124480.0,5.5771,124.7696,3.0,1.0,2.5,13.0982,44.40627936507936,24.77010481868507,41.5098753968254,13.23426279102363,69.17638418376444,28.27561260580177
2025-06-18,4.05,6.85,69.1358,95.2941,82.923,1.4493,1.5674,653378400.0,5.5771,124.7696,3.0,1.0,2.5,13.0982,44.46154801587302,24.79418096858424,41.89496904761905,13.32698994288197,69.25572898445726,28.56797910473708
2025-06-20,3.97,6.85,72.5441,93.4118,83.0769,1.4207,1.5665,640472160.0,5.5771,124.7696,3.0,1.0,2.5,13.0982,44.52663948412698,24.82479927919941,42.32631269841269,13.43288817997978,69.3514387633264,28.893424518432912
2025-06-23,3.89,6.85,76.0925,91.5294,83.3077,1.392,1.5656,627565920.0,5.5771,124.7696,3.0,1.0,2.5,13.0982,44.58611130952381,24.864492711793027,42.773564285714286,13.611779016775047,69.45060402131683,29.16178526893924
2025-06-24,3.98,6.85,72.1106,93.6471,83.5385,1.4242,1.5655,642085440.0,5.5771,124.7696,3.0,1.0,2.5,13.0982,44.62087559523809,24.89074138956597,43.12595793650793,13.792212215782492,69.51161698480406,29.33374572072544
2025-06-25,4.03,6.85,69.9752,94.8235,83.5954,1.4421,1.5652,650151840.0,5.5771,124.7696,3.0,1.0,2.5,13.0982,44.65433829365079,24.913502956068942,43.45983253968253,13.929352990222345,69.56784124971973,29.53047954946019
2025-06-26,4.06,6.85,68.7192,95.5294,83.6522,1.4529,1.5646,654991680.0,5.5771,124.7696,3.0,1.0,2.5,13.0982,44.6823736111111,24.93264798761014,43.82452539682539,13.984700440741426,69.61502159872124,29.83982495608397
2025-06-27,4.01,6.85,70.8229,94.3529,83.6722,1.435,1.5641,646925280.0,5.5771,124.7696,3.0,1.0,2.5,13.0982,44.71159047619048,24.95466936562751,44.22020158730159,14.038014688848316,69.66625984181799,30.18218689845327
2025-06-30,4.04,6.85,69.5545,95.0588,83.6923,1.4457,1.5636,651765120.0,5.5771,124.7696,3.0,1.0,2.5,13.0982,44.73291111111112,24.97132252055721,44.625122222222224,14.027015194909644,69.70423363166833,30.59810702731258
2025-07-01,4.04,6.85,69.5545,95.0588,83.8462,1.4457,1.5636,651765120.0,5.5771,124.7696,3.0,1.0,2.5,13.0982,44.76036488095238,24.99102179458055,45.032738888888886,13.999034619195692,69.75138667553293,31.0337042696932
2025-07-02,3.92,6.85,74.7449,92.2353,84.0,1.4028,1.5626,632405760.0,5.5771,124.7696,3.0,1.0,2.5,13.0982,44.79886706349207,25.02228189697261,45.43647698412698,14.11699650146695,69.82114896046468,31.31948048266004
2025-07-03,3.93,6.85,74.3003,92.4706,84.0,1.4064,1.5615,634019040.0,5.5771,124.7696,3.0,1.0,2.5,13.0982,44.83871507936507,25.053282160864786,45.81711428571428,14.243984876294922,69.89199724022986,31.57312940941936
2025-07-07,3.95,6.85,73.4177,92.9412,84.0,1.4135,1.5602,637245600.0,5.5771,124.7696,3.0,1.0,2.5,13.0982,44.87458392857143,25.08127193396248,46.17038015873016,14.372606461014907,69.95585586253391,31.79777369771525
2025-07-08,4.01,6.85,70.8229,94.3529,84.0,1.435,1.5602,646925280.0,5.5771,124.7696,3.0,1.0,2.5,13.0982,44.90826785714286,25.104733496155003,46.515682539682544,14.438467353921505,70.01300135329787,32.07721518576104
2025-07-09,4.12,6.85,66.2621,96.9412,84.0,1.4743,1.5602,664671360.0,5.5771,124.7696,3.0,1.0,2.5,13.0982,44.92305595238095,25.115131049623688,46.85061825396826,14.402834394434612,70.03818700200463,32.447783859533644
2025-07-10,4.03,6.85,69.9752,94.8235,84.0769,1.4421,1.5599,650151840.0,5.5771,124.7696,3.0,1.0,2.5,13.0982,44.92077857142857,25.11280250917913,47.24237380952381,14.35472143745998,70.03358108060769,32.88765237206383
2025-07-11,3.97,6.85,72.5441,93.4118,84.1538,1.4207,1.5599,640472160.0,5.5771,124.7696,3.0,1.0,2.5,13.0982,44.93415357142857,25.125738265356468,47.59030238095238,14.432892275817723,70.05989183678503,33.15741010513466
2025-07-14,3.99,6.85,71.6792,93.8824,84.2308,1.4278,1.5578,643698720.0,5.5771,124.7696,3.0,1.0,2.5,13.0982,44.965069444444445,25.14907691760672,47.93295714285714,14.488552240416338,70.11414636205116,33.4444049024408
2025-07-15,3.97,6.85,72.5441,93.4118,84.3077,1.4207,1.5575,640472160.0,5.5771,124.7696,3.0,1.0,2.5,13.0982,45.00863273809525,25.177836271338887,48.22544365079365,14.610907460143746,70.18646900943413,33.6145361906499
2025-07-16,3.93,6.85,74.3003,92.4706,84.4147,1.4064,1.5572,634019040.0,5.5771,124.7696,3.0,1.0,2.5,13.0982,45.05915476190476,25.211059273200767,48.5353992063492,14.74697299193581,70.27021403510552,33.78842621441339
2025-07-17,3.96,6.85,72.9798,93.1765,84.5217,1.4171,1.5564,638858880.0,5.5771,124.7696,3.0,1.0,2.5,13.0982,45.1104511904762,25.24155706366025,48.834874603174605,14.857663105465637,70.35200825413645,33.977211497708964
2025-07-18,3.95,6.85,73.4177,92.9412,84.6454,1.4135,1.5561,637245600.0,5.5771,124.7696,3.0,1.0,2.5,13.0982,45.152190674603176,25.27097957248631,49.183322222222216,14.915619409233638,70.42317024708949,34.267702812988574
2025-07-21,4.03,6.85,69.9752,94.8235,84.8462,1.4421,1.5534,650151840.0,5.5771,124.7696,3.0,1.0,2.5,13.0982,45.185653373015874,25.292694637138005,49.48638650793651,14.947276184463227,70.47834801015388,34.53911032347328
2025-07-22,4.23,6.85,61.9385,99.5294,84.9231,1.5137,1.5534,682417440.0,5.5771,124.7696,3.0,1.0,2.5,13.0982,45.18548115079365,25.29258004044298,49.72566746031745,14.902960825381577,70.47806119123663,34.82270663493588
2025-07-23,4.19,6.85,63.4845,98.5882,85.0,1.4994,1.5532,675964320.0,5.5771,124.7696,3.0,1.0,2.5,13.0982,45.18837638888889,25.29459496140893,49.99204206349207,14.845991321195823,70.48297135029782,35.14605074229624
2025-07-24,4.13,6.85,65.8596,97.1765,85.0769,1.4779,1.553,666284640.0,5.5771,124.7696,3.0,1.0,2.5,13.0982,45.19352380952381,25.298544567871083,50.26076904761904,14.824142232909113,70.4920683773949,35.43662681470993
2025-07-25,4.09,6.85,67.4817,96.2353,85.0769,1.4636,1.5528,659831520.0,5.5771,124.7696,3.0,1.0,2.5,13.0982,45.19855,25.302728488148,50.56210555555556,14.784873579062294,70.501278488148,35.77723197649327
2025-07-28,4.03,6.85,69.9752,94.8235,85.0769,1.4421,1.5524,650151840.0,5.5771,124.7696,3.0,1.0,2.5,13.0982,45.204251190476185,25.30799669008852,50.90687936507937,14.726462525542797,70.5122478805647,36.180416839536576
2025-07-29,3.86,6.85,77.4611,90.8235,85.0839,1.3813,1.5524,622726080.0,5.5771,124.7696,3.0,1.0,2.5,13.0982,45.22130615079365,25.3268628185288,51.33804444444444,14.70210160879915,70.54816896932245,36.63594283564528
2025-07-30,3.8,6.85,80.2632,89.4118,85.0909,1.3598,1.5524,613046400.0,5.5771,124.7696,3.0,1.0,2.5,13.0982,45.254203571428576,25.36163484152597,51.81563095238096,14.656136015217657,70.61583841295455,37.1594949371633
2025-07-31,3.79,6.85,80.7388,89.1765,85.4546,1.3563,1.5524,611433120.0,5.5771,124.7696,3.0,1.0,2.5,13.0982,45.27952063492064,25.390716813526723,52.26546111111111,14.667237061925515,70.67023744844735,37.59822404918559
2025-08-01,3.65,6.85,87.6712,85.8824,85.8182,1.3062,1.5505,588847200.0,5.5771,124.7696,3.0,1.0,2.5,13.0982,45.33521547619048,25.45290360998465,52.79344365079365,14.735254069261426,70.78811908617513,38.05818958153222
2025-08-04,3.82,6.85,79.3194,89.8824,85.8503,1.3982,1.5486,630342020.0,5.5771,124.7696,3.0,1.0,2.5,13.0982,45.38279404761905,25.49402121338958,53.24081349206349,14.677544598262434,70.87681526100863,38.56326889380105
2025-08-05,4.13,6.6,59.8063,42.359,85.8182,1.5321,1.5486,681495430.0,4.442,21.4222,3.0,1.0,2.5,13.0982,45.38939543650794,25.497330757372623,53.523030158730165,14.455785940420173,70.88672619388056,39.06724421831
2025-08-06,4.21,6.6,56.7696,37.4222,85.4546,1.5553,1.5486,694696310.0,4.4434,12.7722,3.0,1.0,2.5,13.0982,45.42487301587302,25.5007074222115,53.82241111111112,14.12286375413294,70.92558043808452,39.69954735697817
2025-08-07,4.04,6.6,63.3663,35.9111,85.0909,1.4925,1.5486,666644440.0,4.4434,12.7722,3.0,1.0,2.5,13.0982,45.45919623015873,25.513212807402304,54.15890793650794,13.835981166755865,70.97240903756104,40.32292676975207
2025-08-08,3.89,6.6,69.6658,34.5778,85.0839,1.4371,1.5472,641892790.0,4.4434,12.7722,3.0,1.0,2.5,13.0982,45.49237996031746,25.533831697523905,54.51788730158731,13.6440395912649,71.02621165784137,40.87384771032241
2025-08-11,3.79,6.6,74.1425,33.6889,85.0769,1.4001,1.5462,625391690.0,4.4434,12.7722,3.0,1.0,2.5,13.0982,45.54412341269841,25.565457173150268,54.90489206349206,13.501765457057209,71.10958058584868,41.40312660643485
2025-08-12,3.82,6.6,72.7749,33.9556,85.0769,1.4112,1.5458,630342020.0,4.4434,12.7722,3.0,1.0,2.5,13.0982,45.58131884920635,25.591449592427107,55.284057936507935,13.324902644245595,71.17276844163345,41.95915529226234
2025-08-13,4.07,6.6,62.1622,36.1778,85.0769,1.5036,1.5453,671594770.0,4.4434,12.7722,3.0,1.0,2.5,13.0982,45.59600198412698,25.59884933451919,55.557496031746034,13.106222342227792,71.19485131864617,42.45127368951824
2025-08-14,3.99,6.6,65.4135,35.4667,85.0,1.474,1.5445,658393890.0,4.4434,12.7722,3.0,1.0,2.5,13.0982,45.61343650793651,25.60936688070751,55.85673809523809,12.89401483513898,71.22280338864402,42.96272326009911
2025-08-15,3.94,6.6,67.5127,35.0222,84.9231,1.4555,1.5432,650143340.0,4.4434,12.7722,3.0,1.0,2.5,13.0982,45.63946507936508,25.624971037409747,56.19862936507937,12.622431570172916,71.26443611677483,43.576197794906456
2025-08-18,4.12,6.6,60.1942,36.6222,84.8462,1.522,1.5424,679845320.0,4.4434,12.7722,3.0,1.0,2.5,13.0982,45.63649424603175,25.623193076625338,56.48835952380952,12.284683804147168,71.25968732265709,44.20367571966236
2025-08-19,4.05,6.6,62.963,36.0,84.7692,1.4962,1.5423,668294550.0,4.4434,12.7722,3.0,1.0,2.5,13.0982,45.63901706349206,25.62483951074046,56.80591666666667,11.922626868792266,71.26385657423252,44.8832897978744
2025-08-20,3.95,6.6,67.0886,35.1111,84.6454,1.4592,1.5423,651793450.0,4.4434,12.7722,3.0,1.0,2.5,13.0982,45.64154146825397,25.62689379415677,57.16629126984127,11.532308436853851,71.26843526241075,45.63398283298741
2025-08-21,3.94,6.6,67.5127,35.0222,84.5217,1.4555,1.5423,650143340.0,4.4434,12.7722,3.0,1.0,2.5,13.0982,45.64986706349206,25.633328235801272,57.3434507936508,11.518313645653464,71.28319529929334,45.82513714799733
2025-08-22,4.2,6.6,57.1429,37.3333,84.4147,1.5516,1.5424,693046200.0,4.4434,12.7722,3.0,1.0,2.5,13.0982,45.63680138888888,25.62577237931465,57.41483809523809,11.48870307209933,71.26257376820354,45.92613502313876
2025-08-25,4.15,6.6,59.0361,36.8889,84.3077,1.5331,1.5432,684795650.0,4.4434,12.7722,3.0,1.0,2.5,13.0982,45.62418571428572,25.61759009616148,57.47906587301587,11.474847794324484,71.2417758104472,46.00421807869139
2025-08-26,4.15,6.6,59.0361,36.8889,84.2308,1.5331,1.5428,684795650.0,4.4434,12.7722,3.0,1.0,2.5,13.0982,45.61891706349207,25.61455191841593,57.64467539682539,11.3437623544412,71.233468981908,46.3009130423842
2025-08-27,4.24,6.6,55.6604,37.6889,84.1538,1.5664,1.5432,699646640.0,4.4434,12.7722,3.0,1.0,2.5,13.0982,45.60853869047619,25.60941086971883,57.77969285714286,11.216378157521085,71.21794956019502,46.56331469962178
2025-08-28,4.24,6.6,55.6604,37.6889,84.0769,1.5664,1.5445,699646640.0,4.4434,12.7722,3.0,1.0,2.5,13.0982,45.59005813492063,25.59876642529399,57.8972746031746,11.114625078588904,71.18882456021463,46.78264952458569
2025-08-29,4.2,6.6,57.1429,37.3333,84.0,1.5516,1.5445,693046200.0,4.4434,12.7722,3.0,1.0,2.5,13.0982,45.57862083333333,25.592300778112243,58.06647698412698,10.93675167884293,71.17092161144558,47.12972530528405
2025-09-02,4.15,6.6,59.0361,36.8889,84.0,1.5331,1.5462,684795650.0,4.4434,12.7722,3.0,1.0,2.5,13.0982,45.57012777777778,25.587112290215867,58.21281507936508,10.8239157065832,71.15724006799364,47.38889937278188
2025-09-03,4.19,6.6,57.5179,37.2444,84.0,1.5479,1.5463,691396090.0,4.4434,12.7722,3.0,1.0,2.5,13.0982,45.5673375,25.58572977306854,58.33721111111111,10.723894416416233,71.15306727306854,47.61331669469487
2025-09-04,4.27,6.6,54.5667,37.9556,84.0,1.5775,1.5468,704596970.0,4.4434,12.7722,3.0,1.0,2.5,13.0982,45.55557738095239,25.580216955882733,58.448077777777776,10.610639798579063,71.13579433683512,47.83743797919871
2025-09-05,4.43,6.6,48.9842,39.3778,84.0,1.6366,1.5476,730998730.0,4.4434,12.7722,3.0,1.0,2.5,13.0982,45.52714007936508,25.568396800056824,58.482353174603176,10.572669340950638,71.0955368794219,47.90968383365254
2025-09-08,4.67,6.6,41.3276,41.5111,83.8462,1.7252,1.5486,770601370.0,4.4434,12.7722,3.0,1.0,2.5,13.0982,45.4922261904762,25.56207999996105,58.47825476190476,10.5792686960236,71.05430619043725,47.89898606588116
2025-09-09,4.81,6.8125,41.632,42.7556,83.6923,1.7769,1.5486,793702910.0,4.4434,12.7722,3.0,1.0,2.5,13.0982,45.45162539682539,25.55190607897547,58.45417936507936,10.614347588243874,71.00353147580086,47.83983177683549
2025-09-10,7.74,6.775,-12.4677,68.8,83.6722,2.8594,1.5486,1277185140.0,4.4434,12.7722,3.0,1.0,2.5,13.0982,45.30287996031746,25.6703951802701,57.981746825396826,12.314213864225254,70.97327514058756,45.66753296117157
2025-09-11,7.72,7.2333,-6.3044,64.3333,83.6522,2.8784,1.5496,1273884920.0,4.452,13.2819,3.0,1.0,2.5,13.0982,45.16636329365079,25.761549143590774,57.5452126984127,13.5580262568445,70.92791243724156,43.9871864415682
2025-09-12,7.72,7.2333,-6.3044,64.3333,83.5954,2.8784,1.551,1273884920.0,4.452,13.2819,3.0,1.0,2.5,13.0982,45.02157936507937,25.84539171750257,57.09983888888889,14.68863443623276,70.86697108258194,42.41120445265613
2025-09-15,7.73,7.2333,-6.4256,64.4167,83.5385,2.8821,1.552,1275535030.0,4.452,13.2819,3.0,1.0,2.5,13.0982,44.87824226190476,25.930022293852893,56.67320952380952,15.719183155054711,70.80826455575766,40.95402636875481
2025-09-16,7.73,7.2333,-6.4256,64.4167,83.3077,2.8821,1.5524,1275535030.0,4.452,13.2819,3.0,1.0,2.5,13.0982,44.73490515873016,26.013586191565818,56.25300555555556,16.67158445255807,70.74849135029598,39.581421102997496
2025-09-17,7.74,7.2333,-6.5465,64.5,83.0769,2.8859,1.5524,1277185140.0,4.452,13.2819,3.0,1.0,2.5,13.0982,44.58879087301588,26.094433849036697,55.80347936507936,17.577962750331952,70.68322472205259,38.225516614747406
2025-09-18,7.73,7.2333,-6.4256,64.4167,82.923,2.8821,1.5524,1275535030.0,4.452,13.2819,3.0,1.0,2.5,13.0982,44.43947182539683,26.1706448461536,55.3832753968254,18.414586826633844,70.61011667155043,36.96868857019155
2025-09-19,7.73,7.2333,-6.4256,64.4167,82.7692,2.8821,1.5526,1275535030.0,4.452,13.2819,3.0,1.0,2.5,13.0982,44.2793759920635,26.23456458121101,54.97571111111111,19.199418772161888,70.51394057327451,35.77629233894922
2025-09-22,7.72,7.2333,-6.3044,64.3333,82.4615,2.8784,1.553,1273884920.0,4.452,13.2819,3.0,1.0,2.5,13.0982,44.11097162698413,26.28636564799582,54.55859444444444,19.94681768893814,70.39733727497995,34.6117767555063
2025-09-23,7.73,7.2333,-6.4256,64.4167,82.1538,2.8821,1.553,1275535030.0,4.452,13.2819,3.0,1.0,2.5,13.0982,43.9413505952381,26.336150899652573,54.16948253968254,20.647806343485964,70.27750149489067,33.52167619619658
2025-09-24,7.73,7.2333,-6.4256,64.4167,82.0769,2.8821,1.5532,1275535030.0,4.452,13.2819,3.0,1.0,2.5,13.0982,43.76777103174603,26.379293423182567,53.78439126984127,21.316434181421844,70.1470644549286,32.467957088419425
2025-09-25,7.74,7.2333,-6.5465,64.5,82.0,2.8859,1.5534,1277185140.0,4.452,13.2819,3.0,1.0,2.5,13.0982,43.58990376984127,26.41576992063064,53.36322777777778,21.97516645225761,70.00567369047191,31.38806132552017
2025-09-26,7.74,7.2333,-6.5465,64.5,81.9231,2.8859,1.5538,1277185140.0,4.452,13.2819,3.0,1.0,2.5,13.0982,43.41101031746032,26.449444860709296,52.94630793650793,22.605545182336627,69.86045517816962,30.3407627541713
2025-09-29,7.74,7.2333,-6.5465,64.5,81.8462,2.8859,1.5557,1277185140.0,4.452,13.2819,3.0,1.0,2.5,13.0982,43.23211686507936,26.481866123766988,52.49454285714285,23.217821735983645,69.71398298884635,29.27672112115921
2025-09-30,7.75,7.2333,-6.6671,64.5833,81.6924,2.8896,1.5561,1278835250.0,4.452,13.2819,3.0,1.0,2.5,13.0982,43.044560515873016,26.49989395130916,52.02820634920635,23.808560135241382,69.54445446718218,28.219646213964964
2025-10-01,7.75,7.2333,-6.6671,64.5833,81.5385,2.8896,1.5562,1278835250.0,4.452,13.2819,3.0,1.0,2.5,13.0982,42.85807837301587,26.518396010331227,51.5572626984127,24.375844019949813,69.3764743833471,27.181418678462887
2025-10-02,7.78,7.2333,-7.027,64.8333,81.4056,2.9008,1.5568,1283785580.0,4.452,13.2819,3.0,1.0,2.5,13.0982,42.67823154761904,26.548779772010008,51.09036031746032,24.928266579136587,69.22701131962904,26.16209373832373
2025-10-03,7.77,7.2333,-6.9073,64.75,81.2727,2.897,1.5585,1282135470.0,4.452,13.2819,3.0,1.0,2.5,13.0982,42.498622222222224,26.577466518425737,50.53078492063492,25.431494357892856,69.07608874064796,25.099290562742063
2025-10-06,7.77,7.2333,-6.9073,64.75,81.1748,2.897,1.5598,1282135470.0,4.452,13.2819,3.0,1.0,2.5,13.0982,42.30950892857143,26.58926223328292,49.9997746031746,25.92590245418036,68.89877116185434,24.073872148994244
2025-10-07,7.77,7.2333,-6.9073,64.75,81.0769,2.897,1.5599,1282135470.0,4.452,13.2819,3.0,1.0,2.5,13.0982,42.12039563492064,26.599705558609475,49.46339523809524,26.39806422856309,68.72010119353011,23.065331009532148
2025-10-08,7.75,7.2333,-6.6671,64.5833,81.0,2.8896,1.5599,1278835250.0,4.452,13.2819,3.0,1.0,2.5,13.0982,41.934981547619046,26.61346431081355,48.90137936507936,26.83318139445518,68.5484458584326,22.068197970624183
2025-10-09,7.76,7.2333,-6.7874,64.6667,80.9231,2.8933,1.5599,1280485360.0,4.452,13.2819,3.0,1.0,2.5,13.0982,41.72911428571429,26.588191552181748,48.45381031746032,27.287793040542827,68.31730583789604,21.16601727691749
2025-10-10,7.72,7.2333,-6.3044,64.3333,80.7692,2.8784,1.5599,1273884920.0,4.452,13.2819,3.0,1.0,2.5,13.0982,41.53791805555556,26.58643675589431,47.9614126984127,27.711775590009424,68.12435481144988,20.24963710840328
